While_Valid_45,2,2,0,0,0,0,0,min
While_Valid_45,3,1,2,1,0,0,1,gen
While_Valid_25,0,0,0,0,0,0,0,failed_check
While_Valid_56,0,0,0,0,0,0,0,min
While_Valid_56,0,0,0,0,0,0,0,gen
While_Valid_41,1,1,0,0,0,0,0,min
While_Valid_41,2,0,2,1,1,0,0,gen
While_Valid_39,1,1,0,0,0,0,0,min
While_Valid_39,1,0,1,1,0,0,0,gen
While_Valid_46,1,1,0,0,0,0,0,min
While_Valid_46,1,0,1,1,0,0,0,gen
While_Valid_24,1,1,0,0,0,0,0,min
While_Valid_24,1,0,1,1,0,0,0,gen
BoolList_Valid_3,0,0,0,0,0,0,0,failed_check
While_Valid_34,0,0,0,0,0,0,0,failed_check
While_Valid_27,0,0,0,0,0,0,0,failed_check
ConstrainedList_Valid_23,3,3,0,0,0,0,0,min
ConstrainedList_Valid_23,2,2,0,0,0,0,0,min
ConstrainedList_Valid_23,1,1,0,0,0,0,0,min
ConstrainedList_Valid_23,3,1,2,1,1,0,0,gen
ConstrainedList_Valid_23,2,1,1,1,0,0,0,gen
ConstrainedList_Valid_23,1,0,1,1,0,0,0,gen
While_Valid_16,3,3,0,0,0,0,0,min
While_Valid_16,3,1,2,1,1,0,0,gen
While_Valid_26,2,2,0,0,0,0,0,min
While_Valid_26,2,1,1,1,0,0,0,gen
ConstrainedList_Valid_3,3,3,0,0,0,0,0,min
ConstrainedList_Valid_3,3,1,2,1,0,0,1,gen
Byte_Valid_2,0,0,0,0,0,0,0,min
Byte_Valid_2,1,1,0,0,0,0,0,min
Byte_Valid_2,1,1,0,0,0,0,0,min
Byte_Valid_2,2,0,2,1,0,1,0,gen
Byte_Valid_2,1,0,1,1,0,0,0,gen
Byte_Valid_2,1,0,1,1,0,0,0,gen
Complex_Valid_7,1,1,0,0,0,0,0,min
Complex_Valid_7,1,1,0,0,0,0,0,min
Complex_Valid_7,1,1,0,0,0,0,0,min
Complex_Valid_7,1,0,1,1,0,0,0,gen
Complex_Valid_7,1,0,1,1,0,0,0,gen
Complex_Valid_7,1,0,1,1,0,0,0,gen
Byte_Valid_7,0,0,0,0,0,0,0,min
Byte_Valid_7,1,1,0,0,0,0,0,min
Byte_Valid_7,2,0,2,1,0,1,0,gen
Byte_Valid_7,1,0,1,1,0,0,0,gen
While_Valid_31,1,1,0,0,0,0,0,min
While_Valid_31,1,0,1,1,0,0,0,gen
EffectiveList_Valid_1,2,2,0,0,0,0,0,min
EffectiveList_Valid_1,2,0,2,1,1,0,0,gen
Byte_Valid_5,0,0,0,0,0,0,0,min
Byte_Valid_5,1,1,0,0,0,0,0,min
Byte_Valid_5,0,0,0,0,0,0,0,min
Byte_Valid_5,0,0,0,0,0,0,0,gen
Byte_Valid_5,1,0,1,1,0,0,0,gen
Byte_Valid_5,2,0,2,1,0,1,0,gen
While_Valid_5,3,3,0,0,0,0,0,min
While_Valid_5,3,1,2,1,1,0,0,gen
Function_Valid_8,2,2,0,0,0,0,0,min
Function_Valid_8,2,0,2,1,1,0,0,gen
While_Valid_10,1,1,0,0,0,0,0,min
While_Valid_10,3,0,3,1,1,1,0,gen
While_Valid_32,2,2,0,0,0,0,0,min
While_Valid_32,3,2,1,1,0,0,0,gen
While_Valid_51,2,2,0,0,0,0,0,min
While_Valid_51,2,1,1,1,0,0,0,gen
Complex_Valid_1,1,1,0,0,0,0,0,min
Complex_Valid_1,2,1,1,0,0,1,0,gen
While_Valid_40,1,1,0,0,0,0,0,min
While_Valid_40,1,0,1,1,0,0,0,gen
Byte_Valid_6,0,0,0,0,0,0,0,min
Byte_Valid_6,1,1,0,0,0,0,0,min
Byte_Valid_6,0,0,0,0,0,0,0,min
Byte_Valid_6,0,0,0,0,0,0,0,gen
Byte_Valid_6,1,0,1,1,0,0,0,gen
Byte_Valid_6,2,0,2,1,0,1,0,gen
While_Valid_19,1,1,0,0,0,0,0,min
While_Valid_19,2,0,2,1,0,1,0,gen
Ensures_Valid_3,0,0,0,0,0,0,0,failed_check
While_Valid_11,3,3,0,0,0,0,0,min
While_Valid_11,3,1,2,1,1,0,0,gen
OpenRecord_Valid_5,1,1,0,0,0,0,0,min
OpenRecord_Valid_5,1,0,1,1,0,0,0,gen
Byte_Valid_1,0,0,0,0,0,0,0,min
Byte_Valid_1,1,1,0,0,0,0,0,min
Byte_Valid_1,2,0,2,1,0,1,0,gen
Byte_Valid_1,1,0,1,1,0,0,0,gen
While_Valid_15,0,0,0,0,0,0,0,failed_check
While_Valid_20,0,0,0,0,0,0,0,failed_check
String_Valid_4,1,1,0,0,0,0,0,min
String_Valid_4,1,0,1,1,0,0,0,gen
While_Valid_53,3,3,0,0,0,0,0,min
While_Valid_53,3,0,3,1,1,0,1,gen
ListAccess_Valid_8,0,0,0,0,0,0,0,min
ListAccess_Valid_8,2,2,0,0,0,0,0,min
ListAccess_Valid_8,0,0,0,0,0,0,0,gen
ListAccess_Valid_8,3,0,3,1,1,0,1,gen
While_Valid_18,0,0,0,0,0,0,0,min
While_Valid_18,1,0,1,1,0,0,0,gen
Cast_Valid_5,0,0,0,0,0,0,0,failed_check
While_Valid_3,2,2,0,0,0,0,0,min
While_Valid_3,2,1,1,1,0,0,0,gen
FunctionRef_Valid_11,1,1,0,0,0,0,0,min
FunctionRef_Valid_11,1,0,1,1,0,0,0,gen
While_Valid_36,4,4,0,0,0,0,0,min
While_Valid_36,4,3,1,1,0,0,0,gen
ConstrainedList_Valid_25,1,1,0,0,0,0,0,min
ConstrainedList_Valid_25,2,0,2,1,0,1,0,gen
TypeEquals_Valid_3,1,1,0,0,0,0,0,min
TypeEquals_Valid_3,1,1,0,0,0,0,0,gen
While_Valid_9,2,2,0,0,0,0,0,min
While_Valid_9,2,1,1,1,0,0,0,gen
While_Valid_2,0,0,0,0,0,0,0,failed_check
ConstrainedRecord_Valid_9,0,0,0,0,0,0,0,failed_check
Inv_Start_Valid_1,1,1,0,0,0,0,0,min
Inv_Start_Valid_1,2,1,1,1,0,0,0,gen
String_Valid_6,0,0,0,0,0,0,0,failed_check
While_Valid_29,2,2,0,0,0,0,0,min
While_Valid_29,2,1,1,1,0,0,0,gen
RecursiveType_Valid_24,1,1,0,0,0,0,0,min
RecursiveType_Valid_24,1,0,1,1,0,0,0,gen
String_Valid_3,1,1,0,0,0,0,0,min
String_Valid_3,1,0,1,1,0,0,0,gen
While_Valid_30,0,0,0,0,0,0,0,failed_check
Complex_Valid_8,0,0,0,0,0,0,0,failed_check
While_Valid_37,0,0,0,0,0,0,0,failed_check
Function_Valid_6,2,2,0,0,0,0,0,min
Function_Valid_6,2,0,2,1,1,0,0,gen
Inv_Start_Valid_2,1,1,0,0,0,0,0,min
Inv_Start_Valid_2,2,1,1,1,0,0,0,gen
While_Valid_22,3,3,0,0,0,0,0,min
While_Valid_22,3,2,1,1,0,0,0,gen
While_Valid_12,2,2,0,0,0,0,0,min
While_Valid_12,2,1,1,1,0,0,0,gen
While_Valid_35,2,2,0,0,0,0,0,min
While_Valid_35,2,1,1,1,0,0,0,gen
While_Valid_38,2,2,0,0,0,0,0,min
While_Valid_38,2,1,1,1,0,0,0,gen
While_Valid_23,2,2,0,0,0,0,0,min
While_Valid_23,3,2,1,1,0,0,0,gen
While_Valid_43,2,2,0,0,0,0,0,min
While_Valid_43,3,0,3,1,1,0,1,gen
While_Valid_44,0,0,0,0,0,0,0,failed_check
RecursiveType_Valid_3,0,0,0,0,0,0,0,failed_check
While_Valid_55,1,1,0,0,0,0,0,min
While_Valid_55,1,1,0,0,0,0,0,gen
Assume_Valid_1,2,2,0,0,0,0,0,min
Assume_Valid_1,2,1,1,1,0,0,0,gen
Byte_Valid_9,0,0,0,0,0,0,0,min
Byte_Valid_9,0,0,0,0,0,0,0,min
Byte_Valid_9,1,1,0,0,0,0,0,min
Byte_Valid_9,0,0,0,0,0,0,0,min
Byte_Valid_9,0,0,0,0,0,0,0,gen
Byte_Valid_9,2,0,2,1,0,1,0,gen
Byte_Valid_9,1,0,1,1,0,0,0,gen
Byte_Valid_9,2,0,2,1,0,1,0,gen
Lambda_Valid_4,0,0,0,0,0,0,0,failed_check
Process_Valid_6,2,2,0,0,0,0,0,min
Process_Valid_6,1,1,0,0,0,0,0,min
Process_Valid_6,2,1,1,1,0,0,0,gen
Process_Valid_6,2,0,2,1,0,1,0,gen
ConstrainedList_Valid_6,1,1,0,0,0,0,0,min
ConstrainedList_Valid_6,1,0,1,1,0,0,0,gen
While_Valid_21,2,2,0,0,0,0,0,min
While_Valid_21,3,1,2,1,0,0,1,gen
While_Valid_33,2,2,0,0,0,0,0,min
While_Valid_33,2,1,1,1,0,0,0,gen
ListAccess_Valid_6,0,0,0,0,0,0,0,failed_check
MethodCall_Valid_4,1,1,0,0,0,0,0,min
MethodCall_Valid_4,1,1,0,0,0,0,0,min
MethodCall_Valid_4,2,0,2,1,0,1,0,gen
MethodCall_Valid_4,1,0,1,1,0,0,0,gen
String_Valid_2,1,1,0,0,0,0,0,min
String_Valid_2,1,0,1,1,0,0,0,gen
Byte_Valid_4,0,0,0,0,0,0,0,min
Byte_Valid_4,1,1,0,0,0,0,0,min
Byte_Valid_4,1,1,0,0,0,0,0,min
Byte_Valid_4,2,0,2,1,0,1,0,gen
Byte_Valid_4,1,0,1,1,0,0,0,gen
Byte_Valid_4,1,0,1,1,0,0,0,gen
Complex_Valid_2,0,0,0,0,0,0,0,failed_check
Method_Valid_1,1,1,0,0,0,0,0,min
Method_Valid_1,2,0,2,2,0,0,0,gen
RecursiveType_Valid_4,0,0,0,0,0,0,0,failed_check
While_Valid_52,2,2,0,0,0,0,0,min
While_Valid_52,2,1,1,1,0,0,0,gen
DoWhile_Valid_4,0,0,0,0,0,0,0,failed_check
Byte_Valid_8,0,0,0,0,0,0,0,min
Byte_Valid_8,1,1,0,0,0,0,0,min
Byte_Valid_8,0,0,0,0,0,0,0,min
Byte_Valid_8,0,0,0,0,0,0,0,gen
Byte_Valid_8,1,0,1,1,0,0,0,gen
Byte_Valid_8,2,0,2,1,0,1,0,gen
TypeEquals_Valid_32,2,2,0,0,0,0,0,min
TypeEquals_Valid_32,2,1,1,1,0,0,0,gen
While_Valid_7,2,2,0,0,0,0,0,min
While_Valid_7,3,1,2,1,0,0,1,gen
ConstrainedInt_Valid_8,1,1,0,0,0,0,0,min
ConstrainedInt_Valid_8,1,0,1,1,0,0,0,gen
OpenRecord_Valid_6,1,1,0,0,0,0,0,min
OpenRecord_Valid_6,1,0,1,1,0,0,0,gen
While_Valid_1,0,0,0,0,0,0,0,failed_check
Import_Valid_3,1,1,0,0,0,0,0,min
Import_Valid_3,1,0,1,1,0,0,0,gen
BoolList_Valid_2,2,2,0,0,0,0,0,min
BoolList_Valid_2,2,0,2,1,1,0,0,gen
While_Valid_28,1,1,0,0,0,0,0,min
While_Valid_28,1,1,0,0,0,0,0,gen
ConstrainedList_Valid_22,0,0,0,0,0,0,0,failed_check
String_Valid_5,1,1,0,0,0,0,0,min
String_Valid_5,1,0,1,1,0,0,0,gen
UnionType_Valid_2,0,0,0,0,0,0,0,min
UnionType_Valid_2,0,0,0,0,0,0,0,gen
Lambda_Valid_3,0,0,0,0,0,0,0,failed_check
Function_Valid_9,2,2,0,0,0,0,0,min
Function_Valid_9,2,0,2,1,1,0,0,gen
While_Valid_54,3,3,0,0,0,0,0,min
While_Valid_54,3,0,3,1,1,0,1,gen
Byte_Valid_3,0,0,0,0,0,0,0,min
Byte_Valid_3,1,1,0,0,0,0,0,min
Byte_Valid_3,1,1,0,0,0,0,0,min
Byte_Valid_3,2,0,2,1,0,1,0,gen
Byte_Valid_3,1,0,1,1,0,0,0,gen
Byte_Valid_3,1,0,1,1,0,0,0,gen
ConstrainedInt_Valid_24,2,2,0,0,0,0,0,min
ConstrainedInt_Valid_24,2,1,1,1,0,0,0,gen
UnionType_Valid_3,1,1,0,0,0,0,0,min
UnionType_Valid_3,1,0,1,1,0,0,0,gen
ConstrainedList_Valid_21,2,2,0,0,0,0,0,min
ConstrainedList_Valid_21,2,2,0,0,0,0,0,gen
MessageSend_Valid_5,1,1,0,0,0,0,0,min
MessageSend_Valid_5,2,0,2,1,0,1,0,gen
While_Valid_50,1,1,0,0,0,0,0,min
While_Valid_50,2,1,1,1,0,0,0,gen
Function_Valid_7,2,2,0,0,0,0,0,min
Function_Valid_7,2,0,2,1,1,0,0,gen
