Assume_Valid_1,2,2,0,0,0,0,0,control
BoolList_Valid_2,2,2,0,0,0,0,0,control
Byte_Valid_1,0,0,0,0,0,0,0,control
Byte_Valid_1,1,1,0,0,0,0,0,control
Byte_Valid_2,0,0,0,0,0,0,0,control
Byte_Valid_2,1,1,0,0,0,0,0,control
Byte_Valid_2,1,1,0,0,0,0,0,control
Byte_Valid_3,0,0,0,0,0,0,0,control
Byte_Valid_3,1,1,0,0,0,0,0,control
Byte_Valid_3,1,1,0,0,0,0,0,control
Byte_Valid_4,0,0,0,0,0,0,0,control
Byte_Valid_4,1,1,0,0,0,0,0,control
Byte_Valid_4,1,1,0,0,0,0,0,control
Byte_Valid_5,0,0,0,0,0,0,0,control
Byte_Valid_5,1,1,0,0,0,0,0,control
Byte_Valid_5,1,1,0,0,0,0,0,control
Byte_Valid_6,0,0,0,0,0,0,0,control
Byte_Valid_6,1,1,0,0,0,0,0,control
Byte_Valid_6,0,0,0,0,0,0,0,control
Byte_Valid_7,0,0,0,0,0,0,0,control
Byte_Valid_7,1,1,0,0,0,0,0,control
Byte_Valid_8,0,0,0,0,0,0,0,control
Byte_Valid_8,1,1,0,0,0,0,0,control
Byte_Valid_8,0,0,0,0,0,0,0,control
Byte_Valid_9,0,0,0,0,0,0,0,control
Byte_Valid_9,0,0,0,0,0,0,0,control
Byte_Valid_9,1,1,0,0,0,0,0,control
Byte_Valid_9,0,0,0,0,0,0,0,control
Complex_Valid_1,1,1,0,0,0,0,0,control
Complex_Valid_7,1,1,0,0,0,0,0,control
Complex_Valid_7,1,1,0,0,0,0,0,control
Complex_Valid_7,1,1,0,0,0,0,0,control
ConstrainedInt_Valid_24,2,2,0,0,0,0,0,control
ConstrainedInt_Valid_8,1,1,0,0,0,0,0,control
ConstrainedList_Valid_21,2,2,0,0,0,0,0,control
ConstrainedList_Valid_23,3,3,0,0,0,0,0,control
ConstrainedList_Valid_23,2,2,0,0,0,0,0,control
ConstrainedList_Valid_23,1,1,0,0,0,0,0,control
ConstrainedList_Valid_25,2,2,0,0,0,0,0,control
ConstrainedList_Valid_3,4,4,0,0,0,0,0,control
ConstrainedList_Valid_6,3,3,0,0,0,0,0,control
EffectiveList_Valid_1,2,2,0,0,0,0,0,control
FunctionRef_Valid_11,1,1,0,0,0,0,0,control
Function_Valid_6,2,2,0,0,0,0,0,control
Function_Valid_7,2,2,0,0,0,0,0,control
Function_Valid_8,2,2,0,0,0,0,0,control
Function_Valid_9,2,2,0,0,0,0,0,control
Import_Valid_3,1,1,0,0,0,0,0,control
Inv_Start_Valid_1,1,1,0,0,0,0,0,control
Inv_Start_Valid_2,1,1,0,0,0,0,0,control
ListAccess_Valid_8,0,0,0,0,0,0,0,control
ListAccess_Valid_8,2,2,0,0,0,0,0,control
MessageSend_Valid_5,1,1,0,0,0,0,0,control
MethodCall_Valid_4,1,1,0,0,0,0,0,control
MethodCall_Valid_4,1,1,0,0,0,0,0,control
Method_Valid_1,1,1,0,0,0,0,0,control
OpenRecord_Valid_5,1,1,0,0,0,0,0,control
OpenRecord_Valid_6,1,1,0,0,0,0,0,control
Process_Valid_6,2,2,0,0,0,0,0,control
Process_Valid_6,1,1,0,0,0,0,0,control
RecursiveType_Valid_24,1,1,0,0,0,0,0,control
String_Valid_2,1,1,0,0,0,0,0,control
String_Valid_3,1,1,0,0,0,0,0,control
String_Valid_4,1,1,0,0,0,0,0,control
String_Valid_5,1,1,0,0,0,0,0,control
TypeEquals_Valid_3,1,1,0,0,0,0,0,control
TypeEquals_Valid_32,2,2,0,0,0,0,0,control
UnionType_Valid_2,1,1,0,0,0,0,0,control
UnionType_Valid_3,1,1,0,0,0,0,0,control
While_Valid_10,1,1,0,0,0,0,0,control
While_Valid_11,3,3,0,0,0,0,0,control
While_Valid_12,2,2,0,0,0,0,0,control
While_Valid_16,4,4,0,0,0,0,0,control
While_Valid_18,2,2,0,0,0,0,0,control
While_Valid_19,1,1,0,0,0,0,0,control
While_Valid_21,3,3,0,0,0,0,0,control
While_Valid_22,3,3,0,0,0,0,0,control
While_Valid_23,3,3,0,0,0,0,0,control
While_Valid_24,1,1,0,0,0,0,0,control
While_Valid_26,3,3,0,0,0,0,0,control
While_Valid_28,1,1,0,0,0,0,0,control
While_Valid_29,2,2,0,0,0,0,0,control
While_Valid_3,2,2,0,0,0,0,0,control
While_Valid_31,2,2,0,0,0,0,0,control
While_Valid_32,2,2,0,0,0,0,0,control
While_Valid_33,2,2,0,0,0,0,0,control
While_Valid_35,4,4,0,0,0,0,0,control
While_Valid_36,4,4,0,0,0,0,0,control
While_Valid_38,3,3,0,0,0,0,0,control
While_Valid_39,1,1,0,0,0,0,0,control
While_Valid_40,1,1,0,0,0,0,0,control
While_Valid_41,4,4,0,0,0,0,0,control
While_Valid_43,4,4,0,0,0,0,0,control
While_Valid_45,3,3,0,0,0,0,0,control
While_Valid_46,2,2,0,0,0,0,0,control
While_Valid_5,3,3,0,0,0,0,0,control
While_Valid_50,2,2,0,0,0,0,0,control
While_Valid_51,2,2,0,0,0,0,0,control
While_Valid_52,2,2,0,0,0,0,0,control
While_Valid_53,3,3,0,0,0,0,0,control
While_Valid_54,3,3,0,0,0,0,0,control
While_Valid_55,1,1,0,0,0,0,0,control
While_Valid_56,1,1,0,0,0,0,0,control
While_Valid_7,2,2,0,0,0,0,0,control
While_Valid_9,2,2,0,0,0,0,0,control
,,,,,,,,
Total,160,160,0,0,0,0,0,
