Assume_Valid_1,2,1,1,1,0,0,0,gen
BoolList_Valid_2,2,0,2,1,1,0,0,gen
Byte_Valid_1,2,0,2,1,0,1,0,gen
Byte_Valid_1,1,0,1,1,0,0,0,gen
Byte_Valid_2,2,0,2,1,0,1,0,gen
Byte_Valid_2,1,0,1,1,0,0,0,gen
Byte_Valid_2,1,0,1,1,0,0,0,gen
Byte_Valid_3,2,0,2,1,0,1,0,gen
Byte_Valid_3,1,0,1,1,0,0,0,gen
Byte_Valid_3,1,0,1,1,0,0,0,gen
Byte_Valid_4,2,0,2,1,0,1,0,gen
Byte_Valid_4,1,0,1,1,0,0,0,gen
Byte_Valid_4,1,0,1,1,0,0,0,gen
Byte_Valid_5,0,0,0,0,0,0,0,gen
Byte_Valid_5,1,0,1,1,0,0,0,gen
Byte_Valid_5,2,0,2,1,0,1,0,gen
Byte_Valid_6,0,0,0,0,0,0,0,gen
Byte_Valid_6,1,0,1,1,0,0,0,gen
Byte_Valid_6,2,0,2,1,0,1,0,gen
Byte_Valid_7,2,0,2,1,0,1,0,gen
Byte_Valid_7,1,0,1,1,0,0,0,gen
Byte_Valid_8,0,0,0,0,0,0,0,gen
Byte_Valid_8,1,0,1,1,0,0,0,gen
Byte_Valid_8,2,0,2,1,0,1,0,gen
Byte_Valid_9,0,0,0,0,0,0,0,gen
Byte_Valid_9,2,0,2,1,0,1,0,gen
Byte_Valid_9,1,0,1,1,0,0,0,gen
Byte_Valid_9,2,0,2,1,0,1,0,gen
Complex_Valid_1,2,1,1,0,0,1,0,gen
Complex_Valid_7,1,0,1,1,0,0,0,gen
Complex_Valid_7,1,0,1,1,0,0,0,gen
Complex_Valid_7,1,0,1,1,0,0,0,gen
ConstrainedInt_Valid_24,2,1,1,1,0,0,0,gen
ConstrainedInt_Valid_8,1,0,1,1,0,0,0,gen
ConstrainedList_Valid_21,2,2,0,0,0,0,0,gen
ConstrainedList_Valid_23,3,1,2,1,1,0,0,gen
ConstrainedList_Valid_23,2,1,1,1,0,0,0,gen
ConstrainedList_Valid_23,1,0,1,1,0,0,0,gen
ConstrainedList_Valid_25,2,0,2,1,0,1,0,gen
ConstrainedList_Valid_3,3,1,2,1,0,0,1,gen
ConstrainedList_Valid_6,1,0,1,1,0,0,0,gen
EffectiveList_Valid_1,2,0,2,1,1,0,0,gen
FunctionRef_Valid_11,1,0,1,1,0,0,0,gen
Function_Valid_6,2,0,2,1,1,0,0,gen
Function_Valid_7,2,0,2,1,1,0,0,gen
Function_Valid_8,2,0,2,1,1,0,0,gen
Function_Valid_9,2,0,2,1,1,0,0,gen
Import_Valid_3,1,0,1,1,0,0,0,gen
Inv_Start_Valid_1,2,1,1,1,0,0,0,gen
Inv_Start_Valid_2,2,1,1,1,0,0,0,gen
ListAccess_Valid_8,0,0,0,0,0,0,0,gen
ListAccess_Valid_8,3,0,3,1,1,0,1,gen
MessageSend_Valid_5,2,0,2,1,0,1,0,gen
MethodCall_Valid_4,2,0,2,1,0,1,0,gen
MethodCall_Valid_4,1,0,1,1,0,0,0,gen
Method_Valid_1,2,0,2,2,0,0,0,gen
OpenRecord_Valid_5,1,0,1,1,0,0,0,gen
OpenRecord_Valid_6,1,0,1,1,0,0,0,gen
Process_Valid_6,2,1,1,1,0,0,0,gen
Process_Valid_6,2,0,2,1,0,1,0,gen
RecursiveType_Valid_24,1,0,1,1,0,0,0,gen
String_Valid_2,1,0,1,1,0,0,0,gen
String_Valid_3,1,0,1,1,0,0,0,gen
String_Valid_4,1,0,1,1,0,0,0,gen
String_Valid_5,1,0,1,1,0,0,0,gen
TypeEquals_Valid_3,1,1,0,0,0,0,0,gen
TypeEquals_Valid_32,2,1,1,1,0,0,0,gen
UnionType_Valid_2,0,0,0,0,0,0,0,gen
UnionType_Valid_3,1,0,1,1,0,0,0,gen
While_Valid_10,3,0,3,1,1,1,0,gen
While_Valid_11,3,1,2,1,1,0,0,gen
While_Valid_12,2,1,1,1,0,0,0,gen
While_Valid_16,3,1,2,1,1,0,0,gen
While_Valid_18,1,0,1,1,0,0,0,gen
While_Valid_19,2,0,2,1,0,1,0,gen
While_Valid_21,3,1,2,1,0,0,1,gen
While_Valid_22,3,2,1,1,0,0,0,gen
While_Valid_23,3,2,1,1,0,0,0,gen
While_Valid_24,1,0,1,1,0,0,0,gen
While_Valid_26,2,1,1,1,0,0,0,gen
While_Valid_28,1,1,0,0,0,0,0,gen
While_Valid_29,2,1,1,1,0,0,0,gen
While_Valid_3,2,1,1,1,0,0,0,gen
While_Valid_31,1,0,1,1,0,0,0,gen
While_Valid_32,3,2,1,1,0,0,0,gen
While_Valid_33,2,1,1,1,0,0,0,gen
While_Valid_35,2,1,1,1,0,0,0,gen
While_Valid_36,4,3,1,1,0,0,0,gen
While_Valid_38,2,1,1,1,0,0,0,gen
While_Valid_39,1,0,1,1,0,0,0,gen
While_Valid_40,1,0,1,1,0,0,0,gen
While_Valid_41,2,0,2,1,1,0,0,gen
While_Valid_43,3,0,3,1,1,0,1,gen
While_Valid_45,3,1,2,1,0,0,1,gen
While_Valid_46,1,0,1,1,0,0,0,gen
While_Valid_5,3,1,2,1,1,0,0,gen
While_Valid_50,2,1,1,1,0,0,0,gen
While_Valid_51,2,1,1,1,0,0,0,gen
While_Valid_52,2,1,1,1,0,0,0,gen
While_Valid_53,3,0,3,1,1,0,1,gen
While_Valid_54,3,0,3,1,1,0,1,gen
While_Valid_55,1,1,0,0,0,0,0,gen
While_Valid_56,0,0,0,0,0,0,0,gen
While_Valid_7,3,1,2,1,0,0,1,gen
While_Valid_9,2,1,1,1,0,0,0,gen
